{
	"italy": {
		"name" : "Italia",
		"language" : "Italiano",
		"image": "images/flags/italy.png",
		"code": "it",
		"currency": "EUR (€)",
        "disable": false
	},
    "spain": {
        "name" : "España",
        "language" : "Español",
        "image": "images/flags/spain.png",
        "code": "es",
        "currency": "EUR (€)",
        "disable": true
    },
	"unitedKingdom": {
		"name" : "United Kingdom",
		"language" : "English",
		"image": "images/flags/united-kingdom.png",
		"code": "uk",
		"currency": "GBP (£)",
        "disable": true
	},
	"germany": {
		"name" : "Deutschland",
		"language" : "Deutsch",
		"image": "images/flags/germany.png",
		"code": "de",
		"currency": "EUR (€)",
        "disable": true
	},
	"france": {
		"name" : "France",
		"language" : "Français",
		"image": "images/flags/france.png",
		"code": "fr",
		"currency": "EUR (€)",
        "disable": true
	},
	"portugal": {
		"name" : "Portugal",
		"language" : "Português",
		"image": "images/flags/portugal.png",
		"code": "pt",
		"currency": "EUR (€)",
        "disable": true
	}
}