{
    "dictionary": {
        "city": {
            "it": "Città*",
            "uk": "City*",
			"en": "City*",
            "de": "",
            "fr": "",
            "es": "",
            "pt": ""
        },
        "defaultCity": {
            "it": "Roma...",
            "uk": "London...",
            "en": "London...",
            "de": "Berlin...",
            "fr": "Paris...",
            "es": "Madrid...",
            "pt": "Lisboa..."
        },
        "contract": {
            "it": "Contratto",
            "uk": "Contract",
			"en": "Contract",
            "de": "",
            "fr": "",
            "es": "",
            "pt": ""
        },
        "typology": {
            "it": "Tipologia",
            "uk": "Typology",
			"en": "Typology",
            "de": "",
            "fr": "",
            "es": "",
            "pt": ""
        },
        "minPrice": {
            "it": "Prezzo minimo",
            "uk": "Min price",
			"en": "Min price",
            "de": "",
            "fr": "",
            "es": "",
            "pt": ""
        },
        "maxPrice": {
            "it": "Prezzo massimo",
            "uk": "Max price",
			"en": "Max price",
            "de": "",
            "fr": "",
            "es": "",
            "pt": ""
        },
        "minArea": {
            "it": "Area minima",
            "uk": "Min area",
			"en": "Min area",
            "de": "",
            "fr": "",
            "es": "",
            "pt": ""
        },
        "maxArea": {
            "it": "Area massima",
            "uk": "Max area",
			"en": "Max area",
            "de": "",
            "fr": "",
            "es": "",
            "pt": ""
        },
        "country": {
            "it": "Paese",
            "uk": "Country",
			"en": "Country",
            "de": "",
            "fr": "",
            "es": "",
            "pt": ""
        },
        "rent": {
            "it": "Affitto",
            "uk": "Rent",
			"en": "Rent",
            "de": "",
            "fr": "",
            "es": "",
            "pt": ""
        },
        "sell": {
            "it": "Vendita",
            "uk": "Sell",
			"en": "Sell",
            "de": "",
            "fr": "",
            "es": "",
            "pt": ""
        },
        "room": {
            "it": "Stanza",
            "uk": "Room",
			"en": "Room",
            "de": "",
            "fr": "",
            "es": "",
            "pt": ""
        },
        "flat": {
            "it": "Appartamento",
            "uk": "Flat",
			"en": "Flat",
            "de": "",
            "fr": "",
            "es": "",
            "pt": ""
        },
        "house": {
            "it": "Casa indipendente",
            "uk": "House",
			"en": "House",
            "de": "",
            "fr": "",
            "es": "",
            "pt": ""
        },
        "language": {
            "it": "Lingua",
            "uk": "Language",
			"en": "Language",
            "de": "",
            "fr": "",
            "es": "",
            "pt": ""
        },
		"search": {
            "it": "Cerca",
            "uk": "Search",
			"en": "Search",
            "de": "",
            "fr": "",
            "es": "",
            "pt": ""
        },
		"measurement": {
            "it": "Metri quadri (m²)",
            "uk": "Square meters (m²)",
			"en": "Square meters (m²)",
            "de": "Quadratmeter (m²)",
            "fr": "Mètres carrés (m²)",
            "es": "Metros cuadrados (m²)",
            "pt": "Metros quadrados (m²)"
        },
		"select_country": {
            "it": "Seleziona un paese",
            "uk": "Select a country",
			"en": "Select a country",
            "de": "",
            "fr": "",
            "es": "",
            "pt": ""
        },
		"savedsearch_menu": {
            "it": "Ricerche Salvate",
            "uk": "Saved Searches",
			"en": "Saved Searches",
            "de": "",
            "fr": "",
            "es": "",
            "pt": ""
        },
		"feedback": {
            "it": "Segnalazioni",
            "uk": "Feedback",
			"en": "Feedback",
            "de": "",
            "fr": "",
            "es": "",
            "pt": ""
        },
		"about": {
            "it": "Chi siamo",
            "uk": "About us",
			"en": "About us",
            "de": "",
            "fr": "",
            "es": "",
            "pt": ""
        },
        "offers": {
            "it": "Offrici un caffè",
            "uk": "Buy us a coffee",
			"en": "Buy us a coffee",
            "de": "",
            "fr": "",
            "es": "",
            "pt": ""
        },
        "save_search": {
            "it": "Salva ricerca",
            "uk": "Save search",
			"en": "Save search",
            "de": "",
            "fr": "",
            "es": "",
            "pt": ""
        },
        "search_name": {
            "it": "Nome ricerca",
            "uk": "Search name",
			"en": "Search name",
            "de": "",
            "fr": "",
            "es": "",
            "pt": ""
        },
        "save": {
            "it": "Salva",
            "uk": "Save",
			"en": "Save",
            "de": "",
            "fr": "",
            "es": "",
            "pt": ""
        },
        "close": {
            "it": "Chiudi",
            "uk": "Close",
			"en": "Close",
            "de": "",
            "fr": "",
            "es": "",
            "pt": ""
        }
    }
}